{
    "0": 0.02077452394591722,
    "1": 0.05191560435919911,
    "2": 0.030871908840560704,
    "3": 0.023466239673129084,
    "4": 0.014700908971695573,
    "5": 0.014852749346051115,
    "6": 0.013472382306455286,
    "7": 0.01239569601557054,
    "8": 0.016205509044855026,
    "9": 0.02037421750443443,
    "a": 0.09260882468648414,
    "b": 0.01811041555949727,
    "c": 0.025957802179599556,
    "d": 0.026033722366777326,
    "e": 0.073131845757787,
    "f": 0.01111195466874642,
    "g": 0.016764557695891337,
    "h": 0.022251516678284757,
    "i": 0.051508396082518344,
    "j": 0.007253828793076079,
    "k": 0.018786795408899225,
    "l": 0.04074843500886886,
    "m": 0.028856572962750796,
    "n": 0.05111499147623353,
    "o": 0.05031437859326795,
    "p": 0.017475446721283188,
    "q": 0.007778368268122494,
    "r": 0.05179827316083346,
    "s": 0.04860272346416912,
    "t": 0.03650380636211169,
    "u": 0.020898756979480845,
    "v": 0.008710116019849678,
    "w": 0.014155663991055221,
    "x": 0.00555597733437321,
    "y": 0.015356583315503592,
    "z": 0.006363492052536769,
    "A": 0.0006349688382140811,
    "B": 0.0005176376398484357,
    "C": 0.00044861928786864427,
    "D": 0.0004900302990565192,
    "E": 0.0006073614974221646,
    "F": 0.0005038339694524774,
    "G": 0.0004693247934625817,
    "H": 0.00038650277108683197,
    "I": 0.0004624229582646026,
    "J": 0.00044861928786864427,
    "K": 0.00037960093588885286,
    "L": 0.0005452449806403523,
    "M": 0.00047622662866056084,
    "N": 0.0004693247934625817,
    "O": 0.0004624229582646026,
    "P": 0.0005176376398484357,
    "Q": 0.0003243862543050197,
    "R": 0.0005383431454423731,
    "S": 0.000676379849401956,
    "T": 0.0004555211230666234,
    "U": 0.00044861928786864427,
    "V": 0.0003934046062848111,
    "W": 0.0003934046062848111,
    "X": 0.00036579726549289455,
    "Y": 0.0004693247934625817,
    "Z": 0.0003588954302949154,
    "`": 6.901835197979142e-06,
    "~": 6.901835197979142e-06,
    "!": 3.4509175989895716e-05,
    "@": 9.662569277170799e-05,
    "#": 6.901835197979142e-06,
    "$": 1.3803670395958285e-05,
    "%": 6.901835197979142e-06,
    "^": 6.901835197979142e-06,
    "&": 1.3803670395958285e-05,
    "*": 0.00012423303356362458,
    "(": 2.760734079191657e-05,
    ")": 2.760734079191657e-05,
    "-": 5.521468158383314e-05,
    "_": 6.211651678181229e-05,
    "=": 2.070550559393743e-05,
    "+": 6.901835197979142e-06,
    "[": 6.901835197979142e-06,
    "]": 1.3803670395958285e-05,
    "\\": 6.901835197979142e-06,
    "{": 6.901835197979142e-06,
    "}": 6.901835197979142e-06,
    "|": 6.901835197979142e-06,
    ";": 6.901835197979142e-06,
    "'": 1.3803670395958285e-05,
    ":": 6.901835197979142e-06,
    ",": 6.901835197979142e-06,
    ".": 0.00011733119836564542,
    "/": 1.3803670395958285e-05,
    "<": 6.901835197979142e-06,
    ">": 6.901835197979142e-06,
    "?": 8.282202237574972e-05,
    " ": 3.4509175989895716e-05,
    "\u00f1": 3.4509175989895716e-05,
    "\u00e9": 1.3803670395958285e-05,
    "\u0439": 1.3803670395958285e-05,
    "\u0446": 1.3803670395958285e-05,
    "\u0443": 1.3803670395958285e-05,
    "\u043a": 1.3803670395958285e-05,
    "\u0435": 1.3803670395958285e-05,
    "\u043d": 1.3803670395958285e-05,
    "\u043f": 1.3803670395958285e-05,
    "\u0430": 1.3803670395958285e-05,
    "\u0440": 1.3803670395958285e-05,
    "\u043e": 1.3803670395958285e-05,
    "\u043b": 1.3803670395958285e-05,
    "\u044c": 1.3803670395958285e-05
}