{
    "0": 0.018657550876968788,
    "1": 0.04998242867640011,
    "2": 0.032275326666879656,
    "3": 0.024775566275837834,
    "4": 0.01592600875371394,
    "5": 0.01547873869844414,
    "6": 0.01277914443627999,
    "7": 0.011820708603558992,
    "8": 0.01487172933772084,
    "9": 0.01792275007188269,
    "a": 0.06386377432030925,
    "b": 0.019791699945688634,
    "c": 0.024775566275837834,
    "d": 0.02889684035653813,
    "e": 0.047666208747324364,
    "f": 0.011501229992651992,
    "g": 0.01751541484297626,
    "h": 0.02241941152039871,
    "i": 0.04411999616625667,
    "j": 0.00815469154340117,
    "k": 0.020670266125682884,
    "l": 0.029879237085077153,
    "m": 0.02272291620076036,
    "n": 0.014384524456087665,
    "o": 0.03721925817066547,
    "p": 0.018018593655154787,
    "q": 0.008570013737580269,
    "r": 0.03968723043992205,
    "s": 0.034823168588862974,
    "t": 0.02139707996549631,
    "u": 0.02189227181240216,
    "v": 0.009983706590843742,
    "w": 0.016077761093894763,
    "x": 0.005375227628510271,
    "y": 0.017627232356793712,
    "z": 0.006677102967956296,
    "A": 0.0007028529439953995,
    "B": 0.0005670745343599246,
    "C": 0.0005031788121785247,
    "D": 0.0005670745343599246,
    "E": 0.0006868790134500495,
    "F": 0.0005351266732692246,
    "G": 0.0005271397079965497,
    "H": 0.0004472700552697997,
    "I": 0.0005191527427238746,
    "J": 0.0005191527427238746,
    "K": 0.0004392830899971247,
    "L": 0.0005830484649052746,
    "M": 0.0005511006038145746,
    "N": 0.0005271397079965497,
    "O": 0.0005191527427238746,
    "P": 0.0005990223954506246,
    "Q": 0.00037538736781572474,
    "R": 0.0006070093607232996,
    "S": 0.0007507747356314495,
    "T": 0.0005271397079965497,
    "U": 0.0005191527427238746,
    "V": 0.00045525702054247466,
    "W": 0.00045525702054247466,
    "X": 0.0004233091594517747,
    "Y": 0.0005431136385418996,
    "Z": 0.0004153221941790997,
    "`": 7.986965272674994e-06,
    "~": 7.986965272674994e-06,
    "!": 3.993482636337497e-05,
    "@": 0.00011181751381744992,
    "#": 7.986965272674994e-06,
    "$": 1.5973930545349988e-05,
    "%": 7.986965272674994e-06,
    "^": 7.986965272674994e-06,
    "&": 1.5973930545349988e-05,
    "*": 3.1947861090699976e-05,
    "(": 3.1947861090699976e-05,
    ")": 3.1947861090699976e-05,
    "-": 6.389572218139995e-05,
    "_": 7.188268745407495e-05,
    "=": 2.3960895818024982e-05,
    "+": 7.986965272674994e-06,
    "[": 7.986965272674994e-06,
    "]": 1.5973930545349988e-05,
    "\\": 7.986965272674994e-06,
    "{": 7.986965272674994e-06,
    "}": 7.986965272674994e-06,
    "|": 7.986965272674994e-06,
    ";": 7.986965272674994e-06,
    "'": 1.5973930545349988e-05,
    ":": 7.986965272674994e-06,
    ",": 7.986965272674994e-06,
    ".": 0.00011980447909012492,
    "/": 1.5973930545349988e-05,
    "<": 7.986965272674994e-06,
    ">": 7.986965272674994e-06,
    "?": 1.5973930545349988e-05,
    "ight": 0.00035941343727037474,
    "ite": 0.00037538736781572474,
    "en": 0.0055349669339637714,
    "ou": 0.0021564806236222486,
    "th": 0.002603750678892048,
    "me": 0.0034343950672502477,
    "in": 0.011565125714833391,
    "at": 0.0055269799686910965,
    "am": 0.005670745343599246,
    "an": 0.018170345995335613,
    "er": 0.017451519120794862,
    "it": 0.002707581227436823,
    "tr": 0.001605380019807674,
    "le": 0.006245806843231846,
    "on": 0.008729753043033769,
    "as": 0.011269607999744417,
    "st": 0.005550940864509121,
    "co": 0.004105300150154947,
    "00": 0.002699594262164148,
    "11": 0.005055749017603271,
    "22": 0.0017331714641704737,
    "33": 0.0011980447909012491,
    "44": 0.0005511006038145746,
    "55": 0.0008625922494488994,
    "66": 0.001413692853263474,
    "77": 0.001269927478355324,
    "88": 0.0019488195265326986,
    "99": 0.002835372671799623,
    "aa": 0.001357784096354749,
    "bb": 0.0005910354301779496,
    "cc": 0.0005910354301779496,
    "dd": 0.0006229832912686495,
    "ee": 0.0019887543528960736,
    "ff": 0.0006868790134500495,
    "gg": 0.0007747356314494744,
    "hh": 0.00019967413181687485,
    "ii": 0.00026356985399827483,
    "jj": 0.0001277914443627999,
    "kk": 0.0005431136385418996,
    "ll": 0.0055269799686910965,
    "mm": 0.0007986965272674994,
    "nn": 0.00040733522890642473,
    "oo": 0.003027059838343823,
    "pp": 0.0011101881729018242,
    "qq": 0.00022363502763489984,
    "rr": 0.0006149963259959746,
    "ss": 0.002316219929075748,
    "tt": 0.0010942142423564743,
    "uu": 7.986965272674995e-05,
    "vv": 5.590875690872496e-05,
    "ww": 0.0001597393054534999,
    "xx": 0.0005351266732692246,
    "yy": 7.986965272674995e-05,
    "zz": 0.0003514264719976998,
    "SS": 2.3960895818024982e-05,
    "**": 6.389572218139995e-05,
    "LL": 3.1947861090699976e-05,
    "??": 4.7921791636049964e-05,
    "OO": 1.5973930545349988e-05,
    "CC": 1.5973930545349988e-05,
    "AA": 2.3960895818024982e-05,
    "NN": 1.5973930545349988e-05,
    "II": 1.5973930545349988e-05,
    "GG": 1.5973930545349988e-05,
    " ": 3.993482636337497e-05,
    "..": 1.5973930545349988e-05,
    "EE": 1.5973930545349988e-05,
    "BB": 2.3960895818024982e-05,
    "RR": 1.5973930545349988e-05,
    "FF": 3.1947861090699976e-05,
    "\u00f1": 3.993482636337497e-05,
    "\u00e9": 1.5973930545349988e-05,
    "\u0439": 1.5973930545349988e-05,
    "\u0446": 1.5973930545349988e-05,
    "\u0443": 1.5973930545349988e-05,
    "\u043a": 1.5973930545349988e-05,
    "\u0435": 1.5973930545349988e-05,
    "\u043d": 1.5973930545349988e-05,
    "\u043f": 1.5973930545349988e-05,
    "\u0430": 1.5973930545349988e-05,
    "\u0440": 1.5973930545349988e-05,
    "\u043e": 1.5973930545349988e-05,
    "\u043b": 1.5973930545349988e-05,
    "\u044c": 1.5973930545349988e-05
}